# R=R version 4.5.2 (2025-10-31)	cluster=2.1.8.2	command=Rscript scripts/capture_phase6_metric_matrix.R
kind	dataset	metric	linkage	merge	height	order	medoids	labels	build	swap
hca	tie	euclidean	average	-1,-2;-3,1;-4,-5;2,3;-6,4	0.0000000000000000,1.0000000000000000,1.0000000000000000,1.2071067811865475,1.7772699034745352	6,3,1,2,4,5				
hca	tie	euclidean	complete	-1,-2;-3,1;-4,-5;2,3;-6,4	0.0000000000000000,1.0000000000000000,1.0000000000000000,1.4142135623730951,2.2360679774997898	6,3,1,2,4,5				
hca	tie	euclidean	ward.D	-1,-2;-3,-5;-4,2;-6,3;1,4	0.0000000000000000,1.0000000000000000,1.2761423749153966,1.6380711874576983,2.4621165057908914	1,2,6,4,3,5				
hca	tie	euclidean	ward.D2	-1,-2;-3,-5;-4,1;-6,2;3,4	0.0000000000000000,1.0000000000000000,1.1547005383792515,1.2909944487358058,2.3804761428476171	4,1,2,6,3,5				
hca	tie	manhattan	average	-1,-2;-3,1;-4,-5;2,3;-6,4	0.0000000000000000,1.0000000000000000,1.0000000000000000,1.5000000000000000,2.2000000000000002	6,3,1,2,4,5				
hca	tie	manhattan	complete	-1,-2;-3,1;-4,-5;2,3;-6,4	0,1,1,2,3	6,3,1,2,4,5				
hca	tie	manhattan	ward.D	-1,-2;-3,-5;-4,1;-6,2;3,4	0.0000000000000000,1.0000000000000000,1.3333333333333333,1.6666666666666667,3.6666666666666665	4,1,2,6,3,5				
hca	tie	manhattan	ward.D2	-1,-2;-3,-5;-4,1;-6,2;3,4	0.0000000000000000,1.0000000000000000,1.1547005383792515,1.7320508075688772,3.1091263510296048	4,1,2,6,3,5				
hca	tie	minkowski	average	-1,-2;-3,1;-4,-5;2,3;-6,4	0.0000000000000000,1.0000000000000000,1.0000000000000000,1.1299605249474367,1.6840177391997364	6,3,1,2,4,5				
hca	tie	minkowski	complete	-1,-2;-3,1;-4,-5;2,3;-6,4	0.0000000000000000,1.0000000000000000,1.0000000000000000,1.2599210498948732,2.0800838230519041	6,3,1,2,4,5				
hca	tie	minkowski	ward.D	-1,-2;-3,-5;-4,2;-6,3;1,4	0.0000000000000000,1.0000000000000000,1.1732806999299157,1.5866403499649577,2.3066962319995601	1,2,6,4,3,5				
hca	tie	minkowski	ward.D2	-1,-2;-3,-5;-4,1;-6,2;3,4	0.0000000000000000,1.0000000000000000,1.1547005383792515,1.1796612654962157,2.2232333455113560	4,1,2,6,3,5				
hca	tie	maximum	average	-1,-2;-3,1;-4,2;-5,3;-6,4	0.0000000000000000,1.0000000000000000,1.0000000000000000,1.0000000000000000,1.6000000000000001	6,5,4,3,1,2				
hca	tie	maximum	complete	-1,-2;-3,1;-4,2;-5,3;-6,4	0,1,1,1,2	6,5,4,3,1,2				
hca	tie	maximum	ward.D	-1,-2;-3,-4;-5,2;-6,3;1,4	0.0000000000000000,1.0000000000000000,1.0000000000000000,1.5000000000000000,2.1666666666666665	1,2,6,5,3,4				
hca	tie	maximum	ward.D2	-1,-2;-3,-4;-5,2;1,3;-6,4	0.0000000000000000,1.0000000000000000,1.0000000000000000,1.2649110640673518,2.0165977949672231	6,1,2,5,3,4				
hca	plain	euclidean	average	-1,-3;-2,1;-4,-5;-6,3;2,4	2.0000000000000000,2.2360679774997898,2.2360679774997898,2.6991728188340849,3.9632980245813254	2,1,3,6,4,5				
hca	plain	euclidean	complete	-1,-3;-2,1;-4,-5;-6,3;2,4	2.0000000000000000,2.2360679774997898,2.2360679774997898,3.1622776601683795,5.8309518948453007	2,1,3,6,4,5				
hca	plain	euclidean	ward.D	-1,-3;-4,-5;-2,1;-6,2;3,4	2.0000000000000000,2.2360679774997898,2.3147573033330531,2.8535410992788499,7.1877108836881298	2,1,3,6,4,5				
hca	plain	euclidean	ward.D2	-1,-3;-4,-5;-2,1;-6,2;3,4	2.0000000000000000,2.2360679774997898,2.3094010767585034,2.8867513459481291,6.2449979983983992	2,1,3,6,4,5				
hca	plain	manhattan	average	-1,-3;-2,1;-4,-5;-6,3;2,4	2.0000000000000000,3.0000000000000000,3.0000000000000000,3.5000000000000000,5.2222222222222214	2,1,3,6,4,5				
hca	plain	manhattan	complete	-1,-3;-2,1;-4,-5;-6,3;2,4	2,3,3,4,8	2,1,3,6,4,5				
hca	plain	manhattan	ward.D	-1,-3;-4,-5;-2,1;-6,2;3,4	2.0000000000000000,3.0000000000000000,3.3333333333333335,3.6666666666666665,9.6666666666666661	2,1,3,6,4,5				
hca	plain	manhattan	ward.D2	-1,-3;-4,-5;-2,1;-6,2;3,4	2.0000000000000000,3.0000000000000000,3.2659863237109041,3.6968455021364721,8.3466560170326094	2,1,3,6,4,5				
hca	plain	minkowski	average	-1,-3;-2,1;-4,-5;-6,3;2,4	2.0000000000000000,2.0800838230519041,2.0800838230519041,2.5583363974637834,3.7014666736542678	2,1,3,6,4,5				
hca	plain	minkowski	complete	-1,-3;-2,1;-4,-5;-6,3;2,4	2.0000000000000000,2.0800838230519041,2.0800838230519041,3.0365889718756622,5.3368032974438888	2,1,3,6,4,5				
hca	plain	minkowski	ward.D	-1,-3;-4,-5;-2,1;-6,2;3,4	2.0000000000000000,2.0800838230519041,2.1067784307358721,2.7177539222677431,6.6520919329350434	2,1,3,6,4,5				
hca	plain	minkowski	ward.D2	-1,-3;-4,-5;-2,1;-6,2;3,4	2.0000000000000000,2.0800838230519041,2.1061018370193545,2.7549043467457577,5.7984946638732264	2,1,3,6,4,5				
hca	plain	maximum	average	-1,-2;-3,1;-4,-5;-6,3;2,4	2.0000000000000000,2.0000000000000000,2.0000000000000000,2.5000000000000000,3.4444444444444446	3,1,2,6,4,5				
hca	plain	maximum	complete	-1,-2;-3,1;-4,-5;-6,3;2,4	2,2,2,3,5	3,1,2,6,4,5				
hca	plain	maximum	ward.D	-1,-2;-3,1;-4,-5;-6,3;2,4	2.0000000000000000,2.0000000000000000,2.0000000000000000,2.6666666666666665,6.0000000000000000	3,1,2,6,4,5				
hca	plain	maximum	ward.D2	-1,-2;-3,1;-4,-5;-6,3;2,4	2.0000000000000000,2.0000000000000000,2.0000000000000000,2.7080128015453200,5.3541261347363367	3,1,2,6,4,5				
pam	tie	euclidean					2,6	1,1,1,1,2,2	0.5,0.5
diana	tie	euclidean		-1,-2;-5,-6;1,-4;3,-3;4,2	0.0000000000000000,1.0000000000000000,1.4142135623730951,2.2360679774997898,1.0000000000000000	1,2,4,3,5,6				
pam	tie	manhattan					2,5	1,1,1,1,2,2	0.5,0.5
diana	tie	manhattan		-1,-2;-5,-6;1,-4;3,-3;4,2	0,1,2,3,1	1,2,4,3,5,6				
pam	plain	euclidean					1,5	1,1,1,2,2,2	1.4907119849998598,1.4513673220832282
diana	plain	euclidean		-1,-3;-5,-6;1,-2;-4,2;3,4	2.0000000000000000,2.2360679774997898,5.8309518948453007,3.1622776601683795,2.2360679774997898	1,3,2,4,5,6				
pam	plain	manhattan					3,5	1,1,1,1,2,2	2.0000000000000000,1.8333333333333333
diana	plain	manhattan		-1,-3;-5,-6;1,-2;-4,2;3,4	2,3,8,4,3	1,3,2,4,5,6				
